split,model,rows,MAE,RMSE,sMAPE
validation,ray_train_mlp,330,113.43800612940933,209.73308313026368,36.520148585380255
test,ray_train_mlp,300,104.4423984781901,182.17663593506006,25.733624614944418
