split,model,rows,MAE,RMSE,sMAPE
validation,ray_train_mlp,330,135.67942555745444,236.8371035354227,41.69309821449521
test,ray_train_mlp,300,113.70807561238607,207.02242251702373,29.341218425988153
